user_id,first_name,last_name,email,zipcode,city,state,gender,age
1,Patricia,Wang,katie88@example.org,438001,Shivpuri,MP,Male,47
10,Deanna,Lopez,timothy50@example.net,478007,Rewa,MP,Male,32
100,Betty,Jones,xalexander@example.net,457004,Jabalpur,MP,Male,46
1000,Charles,Stewart,larrypeters@example.net,471006,Morena,MP,Female,29
10000,Deanna,Ford,harrisoncody@example.org,474007,Gwalior,MP,Female,18
1001,Michelle,Wall,joshuabrock@example.org,456008,Guna,MP,Female,70
1002,Cynthia,Potter,emily70@example.org,476007,Guna,MP,Male,49
1003,Ricardo,Lee,millerjulie@example.org,474001,Gwalior,MP,Female,40
1004,Joseph,Gutierrez,kristi84@example.org,451009,Morena,MP,Male,67
1005,Amber,Randolph,patriciaoconnor@example.com,471007,Morena,MP,Male,61
1006,Michael,Perez,jamessharon@example.net,474001,Gwalior,MP,Female,22
1007,Brian,Black,ddavenport@example.net,476005,Guna,MP,Male,44
1008,Robert,Morton,myersdonna@example.org,458003,Rewa,MP,Male,34
1009,Maria,Daniel,sandovalkaren@example.net,479012,Ujjain,MP,Male,48
101,Chris,Irwin,jamespatton@example.com,457001,Jabalpur,MP,Female,52
1010,Peter,Delacruz,reginamyers@example.com,452003,Indore,MP,Female,39
1011,Natasha,Palmer,davidmiranda@example.net,438010,Shivpuri,MP,Female,56
1012,Gregory,Boyd,johnsonmolly@example.com,418006,Ratlam,MP,Male,44
1013,Aaron,Cruz,ismith@example.org,478005,Rewa,MP,Female,53
1014,Tom,Robinson,murraydaniel@example.net,477009,Jabalpur,MP,Female,41
1015,Justin,Alexander,xhenderson@example.com,458010,Rewa,MP,Male,37
1016,Vickie,Jordan,vhernandez@example.net,471007,Morena,MP,Male,39
1017,Chelsey,Rios,nlowe@example.com,451001,Morena,MP,Female,32
1018,Amanda,Daniels,ortizvirginia@example.org,472007,Indore,MP,Male,38
1019,Brett,Lara,asnow@example.org,471006,Morena,MP,Female,43
102,Robert,Little,zavalarandy@example.org,474005,Gwalior,MP,Male,19
1020,Samantha,Phillips,gcarter@example.net,459008,Ujjain,MP,Female,38
1021,Jennifer,Bowman,crystalboyle@example.org,453004,Bhopal,MP,Male,20
1022,George,Mason,karamccormick@example.net,418003,Ratlam,MP,Female,49
1023,James,Atkins,mirandasolis@example.org,474007,Gwalior,MP,Female,50
1024,Jason,Hicks,gainessean@example.org,438007,Shivpuri,MP,Female,56
1025,April,Smith,jdelgado@example.com,459003,Ujjain,MP,Female,40
1026,Sonya,Scott,anorman@example.org,418002,Ratlam,MP,Female,52
1027,Samuel,Garcia,pamela85@example.org,479009,Ujjain,MP,Male,55
1028,Bob,Morris,salexander@example.net,458010,Rewa,MP,Male,41
1029,Robert,Mathis,jason74@example.org,474008,Gwalior,MP,Female,25
103,Debra,Hall,vbernard@example.org,459001,Ujjain,MP,Male,61
1030,Dana,Buck,davidperkins@example.org,418003,Ratlam,MP,Male,70
1031,Nicholas,Adams,david57@example.org,451002,Morena,MP,Female,44
1032,Jeremiah,Wallace,tasha52@example.com,479007,Ujjain,MP,Male,31
1033,Denise,Taylor,heather86@example.org,477005,Jabalpur,MP,Female,20
1034,Sherri,Brown,amber69@example.com,478006,Rewa,MP,Male,63
1035,Laurie,Young,courtneycameron@example.org,476007,Guna,MP,Female,56
1036,Brenda,White,grahamjulie@example.com,474003,Gwalior,MP,Female,18
1037,William,Wood,hmcdaniel@example.org,477006,Jabalpur,MP,Male,48
1038,Jenny,Walker,brownkayla@example.com,452004,Indore,MP,Male,26
1039,Kimberly,Blackburn,brendamendoza@example.com,474003,Gwalior,MP,Male,56
104,Cody,Barrett,peterthomas@example.com,478012,Rewa,MP,Male,54
1040,David,Shah,adam88@example.net,457003,Jabalpur,MP,Female,29
1041,Edward,Sanchez,bernardpatel@example.com,457003,Jabalpur,MP,Female,53
1042,Linda,Roman,kathyrodriguez@example.com,457003,Jabalpur,MP,Male,67
1043,Melanie,Fisher,averyhannah@example.net,477005,Jabalpur,MP,Female,38
1044,Christina,Moody,starktodd@example.com,472006,Indore,MP,Female,39
1045,Stephen,Ellis,scottchang@example.net,451002,Morena,MP,Female,32
1046,Melissa,Peck,scott01@example.com,479006,Ujjain,MP,Female,53
1047,Christine,Marshall,butlertamara@example.com,458009,Rewa,MP,Female,45
1048,Larry,Montgomery,toddjuarez@example.net,478012,Rewa,MP,Male,41
1049,Jacob,Mccoy,foxdavid@example.org,451008,Morena,MP,Male,66
105,Michael,Parker,dfisher@example.org,418009,Ratlam,MP,Male,61
1050,Steven,Cortez,patricia49@example.org,452008,Indore,MP,Male,29
1051,Diane,Rush,ryanshaffer@example.net,456008,Guna,MP,Male,57
1052,Daniel,Gutierrez,xsalinas@example.com,459002,Ujjain,MP,Female,18
1053,Joseph,Johnson,wagnerrichard@example.org,478009,Rewa,MP,Female,41
1054,Scott,Carter,jamesperkins@example.org,456002,Guna,MP,Male,44
1055,Devin,Reeves,smosley@example.net,453008,Bhopal,MP,Male,58
1056,Eric,Smith,xcampbell@example.com,459009,Ujjain,MP,Male,31
1057,Rita,Kim,randyscott@example.org,474006,Gwalior,MP,Male,26
1058,Jennifer,Fernandez,rodriguezsarah@example.net,418012,Ratlam,MP,Female,44
1059,Dale,Banks,richardmartinez@example.org,452001,Indore,MP,Male,38
106,Darius,Ramirez,nancyhaley@example.com,459001,Ujjain,MP,Female,28
1060,Jasmine,Garcia,andersoncameron@example.com,451008,Morena,MP,Female,52
1061,Laura,Carter,payneashley@example.com,476007,Guna,MP,Female,50
1062,Madeline,Peterson,oconnelllaura@example.com,418001,Ratlam,MP,Male,25
1063,Brittany,Fields,megandickerson@example.net,479006,Ujjain,MP,Female,43
1064,Rita,Roberts,angelacarter@example.com,478005,Rewa,MP,Male,67
1065,Andrew,Gonzalez,mariecastillo@example.net,456001,Guna,MP,Male,59
1066,Karen,Reid,joel84@example.org,479012,Ujjain,MP,Male,67
1067,Janet,Kramer,jonesdaniel@example.org,479012,Ujjain,MP,Male,59
1068,Robert,Wright,jonesjohnny@example.com,451008,Morena,MP,Female,68
1069,Andrew,Patterson,ysantana@example.com,438001,Shivpuri,MP,Male,54
107,Diana,Mahoney,shannon25@example.com,476009,Guna,MP,Female,25
1070,Maria,Duffy,chicks@example.org,457003,Jabalpur,MP,Male,37
1071,Tiffany,Scott,nyoung@example.com,438003,Shivpuri,MP,Female,45
1072,Margaret,Brown,hamptonhayley@example.com,452009,Indore,MP,Male,65
1073,Vanessa,Coleman,rangeljohn@example.com,451010,Morena,MP,Male,51
1074,Fred,Smith,gabriellekelly@example.org,472007,Indore,MP,Male,50
1075,John,Harrington,jsawyer@example.net,474012,Gwalior,MP,Female,62
1076,Shawn,Howard,ronald54@example.net,438006,Shivpuri,MP,Male,41
1077,Joann,James,kortiz@example.net,418009,Ratlam,MP,Female,25
1078,Joseph,Atkins,edwardjackson@example.org,459003,Ujjain,MP,Female,45
1079,Amanda,Thompson,chad25@example.net,438012,Shivpuri,MP,Female,35
108,Victoria,Webster,shawnnguyen@example.net,474004,Gwalior,MP,Female,57
1080,Ruben,Carter,moniqueturner@example.net,452008,Indore,MP,Female,59
1081,Chad,Foster,zfranklin@example.net,473005,Bhopal,MP,Female,47
1082,Hunter,Martin,mlewis@example.com,457010,Jabalpur,MP,Female,18
1083,Jeanette,Bailey,kathleenjohnson@example.org,456001,Guna,MP,Male,62
1084,Mark,Copeland,friley@example.org,457004,Jabalpur,MP,Female,69
1085,Jessica,Rodriguez,fcampos@example.com,453001,Bhopal,MP,Female,26
1086,Walter,Martinez,rwallace@example.com,474012,Gwalior,MP,Female,23
1087,Todd,Lambert,ballwalter@example.com,451008,Morena,MP,Male,34
1088,Stephen,Little,richardlisa@example.com,452001,Indore,MP,Male,44
1089,Donald,Lewis,gcox@example.net,474005,Gwalior,MP,Female,51
109,Steven,Campos,sarahwelch@example.com,474012,Gwalior,MP,Male,55
1090,Susan,Jackson,vanessa69@example.org,474010,Gwalior,MP,Female,57
1091,Tristan,Roberts,jessica53@example.com,459008,Ujjain,MP,Male,44
1092,Jose,Mason,walkersteve@example.com,458002,Rewa,MP,Male,69
1093,Zachary,Wells,hesschristopher@example.com,476005,Guna,MP,Female,25
1094,Sara,Bender,vpatel@example.net,477007,Jabalpur,MP,Female,22
1095,Brian,Sanchez,ustein@example.com,452010,Indore,MP,Female,20
1096,Travis,Chavez,conniespencer@example.org,478012,Rewa,MP,Female,29
1097,Breanna,Marshall,powellgina@example.org,474004,Gwalior,MP,Female,51
1098,Caleb,Johnson,jkeller@example.net,476007,Guna,MP,Female,38
1099,Joanna,Hamilton,fcarrillo@example.com,459003,Ujjain,MP,Male,46
11,Brian,Lyons,marissabarker@example.net,474012,Gwalior,MP,Female,28
110,Danielle,Johnson,richardsonhunter@example.com,471012,Morena,MP,Female,23
1100,Ashley,White,chapmanjason@example.net,472009,Indore,MP,Male,52
1101,David,Tucker,bensonmichael@example.net,459001,Ujjain,MP,Male,24
1102,Lynn,Hardin,pamkeller@example.org,471007,Morena,MP,Female,54
1103,Ryan,Baker,prhodes@example.net,459004,Ujjain,MP,Male,37
1104,Max,Hines,michael26@example.com,453008,Bhopal,MP,Male,38
1105,Sharon,Hamilton,smithdavid@example.org,477012,Jabalpur,MP,Female,19
1106,Nicole,Collins,josephspencer@example.com,474006,Gwalior,MP,Male,69
1107,David,Wilson,davidlamb@example.org,418009,Ratlam,MP,Male,21
1108,Jose,Thompson,linda28@example.net,453008,Bhopal,MP,Male,51
1109,Courtney,Perez,mariacannon@example.net,458002,Rewa,MP,Female,55
111,Erica,Smith,kennethdunn@example.org,474006,Gwalior,MP,Male,49
1110,Brent,Krueger,rhodesanne@example.org,472012,Indore,MP,Female,39
1111,Gabriela,Brown,james96@example.com,457010,Jabalpur,MP,Female,53
1112,Jason,White,irodriguez@example.net,477009,Jabalpur,MP,Male,18
1113,Laura,Mills,normawilson@example.org,438006,Shivpuri,MP,Female,29
1114,Janice,Meyer,syoung@example.net,471012,Morena,MP,Male,30
1115,Ryan,Sullivan,johnny75@example.net,438009,Shivpuri,MP,Female,26
1116,Shannon,Kelly,jennifermartinez@example.net,453004,Bhopal,MP,Female,33
1117,Joanna,Lynch,hmiller@example.com,451010,Morena,MP,Female,37
1118,Wayne,Curry,stewartdeanna@example.com,418009,Ratlam,MP,Female,56
1119,Maria,Fitzpatrick,boydheather@example.com,474011,Gwalior,MP,Female,58
112,Sharon,Roberts,james33@example.net,456001,Guna,MP,Male,55
1120,James,Hardy,camachokaren@example.org,418010,Ratlam,MP,Male,67
1121,Lisa,Barber,emedina@example.com,474008,Gwalior,MP,Male,19
1122,Arthur,Valdez,ashley48@example.net,438009,Shivpuri,MP,Female,27
1123,Patricia,Young,danielperry@example.net,418004,Ratlam,MP,Female,25
1124,Jeffrey,Davidson,murrayluke@example.net,418009,Ratlam,MP,Female,39
1125,Carl,Guerrero,melissa38@example.net,474011,Gwalior,MP,Female,68
1126,Richard,Grant,billymitchell@example.net,453002,Bhopal,MP,Male,51
1127,Gary,Heath,esteskyle@example.com,438006,Shivpuri,MP,Male,27
1128,Joshua,Lyons,ihoward@example.com,438001,Shivpuri,MP,Female,66
1129,Mark,Rivera,michaelsmith@example.com,471006,Morena,MP,Female,19
113,Monica,Goodman,vaughnadam@example.org,456009,Guna,MP,Female,27
1130,Elizabeth,Lewis,taylorjoseph@example.org,456002,Guna,MP,Female,34
1131,Christine,Mendez,dclark@example.com,457004,Jabalpur,MP,Male,51
1132,Nicholas,Grimes,qvasquez@example.com,452009,Indore,MP,Female,29
1133,Christina,Winters,dunnjonathan@example.org,418004,Ratlam,MP,Female,24
1134,Clifford,Walker,bridgeswayne@example.com,476006,Guna,MP,Male,29
1135,Cassandra,Marsh,nalvarez@example.net,418001,Ratlam,MP,Male,21
1136,Katherine,Watkins,christopherwhite@example.com,474007,Gwalior,MP,Female,37
1137,Henry,Bridges,lorirodriguez@example.com,471007,Morena,MP,Female,55
1138,Amy,Mathews,jared96@example.com,438012,Shivpuri,MP,Male,69
1139,Kimberly,Chen,rogersteresa@example.org,474007,Gwalior,MP,Male,46
114,Briana,Miller,herreracharles@example.net,471012,Morena,MP,Male,38
1140,Sarah,Jenkins,rhonda33@example.net,451001,Morena,MP,Male,24
1141,Wendy,Brown,morganveronica@example.net,476012,Guna,MP,Male,58
1142,Gail,Coffey,john18@example.net,458008,Rewa,MP,Male,49
1143,Thomas,Price,lshepard@example.net,451009,Morena,MP,Female,19
1144,Jennifer,Garcia,gabriel61@example.org,478005,Rewa,MP,Female,70
1145,Elizabeth,Johns,ugilbert@example.org,457002,Jabalpur,MP,Female,59
1146,Dana,Clark,hollycardenas@example.com,474006,Gwalior,MP,Female,22
1147,Sarah,Holder,watkinssarah@example.net,438004,Shivpuri,MP,Male,46
1148,Brianna,Valdez,alexandra75@example.com,477007,Jabalpur,MP,Female,30
1149,Christopher,Jimenez,julia22@example.org,477005,Jabalpur,MP,Female,51
115,Michael,Frank,morenodarren@example.org,451010,Morena,MP,Male,58
1150,John,Mccormick,dcooper@example.com,418010,Ratlam,MP,Male,43
1151,Alexis,Wells,oford@example.com,458009,Rewa,MP,Female,58
1152,Lisa,Burns,hannah95@example.org,477005,Jabalpur,MP,Male,47
1153,Michelle,Phelps,jasmineturner@example.net,456008,Guna,MP,Male,53
1154,Kimberly,Torres,reedmark@example.com,451002,Morena,MP,Female,27
1155,Michael,Castro,wesley65@example.net,472009,Indore,MP,Male,22
1156,Julie,Burns,carolyn43@example.org,476005,Guna,MP,Male,59
1157,Robert,Kelly,allenmichael@example.org,457001,Jabalpur,MP,Female,28
1158,Michael,Martinez,francissalazar@example.net,474004,Gwalior,MP,Female,69
1159,Jennifer,Pena,reevesmorgan@example.net,458002,Rewa,MP,Female,61
116,Michelle,Smith,ijackson@example.com,438001,Shivpuri,MP,Male,31
1160,Shawn,Lopez,batesannette@example.org,477007,Jabalpur,MP,Male,61
1161,Lawrence,Gillespie,lindaconway@example.com,438008,Shivpuri,MP,Female,60
1162,Jasmine,Wilson,cisnerosjackie@example.org,473009,Bhopal,MP,Female,67
1163,Glenn,Rodriguez,zacharymccarthy@example.net,457003,Jabalpur,MP,Female,61
1164,Alyssa,Williams,wilsoncrystal@example.com,438003,Shivpuri,MP,Male,55
1165,Evan,Jimenez,david65@example.org,456008,Guna,MP,Female,45
1166,Linda,Thompson,mooreapril@example.com,477012,Jabalpur,MP,Female,38
1167,Christopher,Jackson,mbennett@example.net,457008,Jabalpur,MP,Male,45
1168,Meagan,Pollard,kgarner@example.net,452009,Indore,MP,Male,22
1169,Deborah,Hernandez,amanda74@example.org,477009,Jabalpur,MP,Female,32
117,Richard,Vaughan,rhonda41@example.net,459008,Ujjain,MP,Male,50
1170,Sarah,Macdonald,cindy28@example.com,459004,Ujjain,MP,Female,25
1171,Jennifer,Coleman,edward80@example.net,456002,Guna,MP,Female,26
1172,Samantha,Wheeler,samantharogers@example.net,474002,Gwalior,MP,Female,53
1173,William,Tucker,mary52@example.net,453008,Bhopal,MP,Female,32
1174,Ian,Cruz,griffinrobin@example.com,477012,Jabalpur,MP,Male,27
1175,Janet,Morrison,emily83@example.com,459001,Ujjain,MP,Male,54
1176,Christine,Wilson,jessicakim@example.org,456008,Guna,MP,Female,29
1177,Cameron,Moreno,jschultz@example.org,473006,Bhopal,MP,Female,24
1178,Anita,Murphy,julierussell@example.org,457002,Jabalpur,MP,Male,26
1179,Ebony,Wilson,zbishop@example.com,472007,Indore,MP,Female,20
118,Erin,Bishop,james77@example.org,458002,Rewa,MP,Male,38
1180,Bryce,Davis,twheeler@example.net,459004,Ujjain,MP,Male,51
1181,Donna,Lynch,mitchellkevin@example.net,473005,Bhopal,MP,Female,20
1182,Ryan,Andrews,mauricewood@example.com,459009,Ujjain,MP,Female,21
1183,Timothy,Alexander,davidjohnson@example.com,471005,Morena,MP,Female,50
1184,Anna,Snyder,wrightelizabeth@example.com,471006,Morena,MP,Female,19
1185,Sarah,Powers,mariahgraham@example.com,458004,Rewa,MP,Male,49
1186,Patrick,Hill,stephanieellis@example.com,453009,Bhopal,MP,Female,38
1187,Amanda,Young,ydyer@example.net,451003,Morena,MP,Male,18
1188,Molly,Webb,odyer@example.org,452002,Indore,MP,Female,44
1189,Courtney,Johnson,tbowman@example.com,477009,Jabalpur,MP,Male,55
119,Cody,Campos,walkersherri@example.com,478006,Rewa,MP,Female,56
1190,Mark,Good,crystallynch@example.com,471012,Morena,MP,Male,59
1191,Marie,Potts,xwilson@example.com,472005,Indore,MP,Male,33
1192,Susan,Murphy,prattedward@example.com,451004,Morena,MP,Female,48
1193,Aaron,Nelson,norma00@example.net,478005,Rewa,MP,Male,26
1194,Jonathan,Smith,campbelljesse@example.net,438003,Shivpuri,MP,Male,27
1195,Charles,Curtis,rubiokevin@example.net,438010,Shivpuri,MP,Female,30
1196,Donald,Davis,caleb62@example.org,474005,Gwalior,MP,Male,22
1197,April,Hill,adamsjessica@example.net,472009,Indore,MP,Male,34
1198,Christine,Hill,gramos@example.com,459001,Ujjain,MP,Male,35
1199,Peter,Hurst,taylorcarmen@example.com,477005,Jabalpur,MP,Male,28
12,Ashley,Rivera,johnsonanthony@example.net,456004,Guna,MP,Male,49
120,Benjamin,Howell,bonillataylor@example.net,438003,Shivpuri,MP,Female,34
1200,Joshua,Clarke,jaredsanchez@example.org,459009,Ujjain,MP,Female,22
1201,Jennifer,Smith,levi10@example.net,452008,Indore,MP,Male,18
1202,Elizabeth,Fowler,bradleyparrish@example.org,473007,Bhopal,MP,Male,38
1203,Mitchell,Davis,whitekelly@example.com,418012,Ratlam,MP,Female,18
1204,Keith,Small,jeremiah54@example.com,438012,Shivpuri,MP,Female,67
1205,Angelica,Gonzalez,ortegasergio@example.net,418002,Ratlam,MP,Female,49
1206,Anthony,Parks,twilliams@example.net,478005,Rewa,MP,Male,26
1207,Lisa,Wood,hkirk@example.com,459008,Ujjain,MP,Male,44
1208,Susan,Cabrera,mistyhill@example.com,456009,Guna,MP,Female,61
1209,Rebecca,Cooper,michaelwilson@example.com,471006,Morena,MP,Female,32
121,Walter,Smith,ruthyoung@example.net,472005,Indore,MP,Female,24
1210,Steven,Torres,lnguyen@example.net,473005,Bhopal,MP,Female,31
1211,Howard,Duffy,ecollins@example.net,476006,Guna,MP,Female,62
1212,Melissa,Gill,betty72@example.com,459009,Ujjain,MP,Female,51
1213,Savannah,Miranda,christinemiller@example.com,476005,Guna,MP,Female,29
1214,Rebecca,Woods,wendyorr@example.org,438010,Shivpuri,MP,Male,50
1215,Andrea,Quinn,carlos64@example.org,453010,Bhopal,MP,Female,24
1216,Glenn,Stanley,gomezholly@example.com,457008,Jabalpur,MP,Male,52
1217,Eric,Cox,butlerrachel@example.com,418012,Ratlam,MP,Female,28
1218,Eric,Miles,yvincent@example.com,451010,Morena,MP,Male,35
1219,Lisa,Robinson,corysmith@example.org,418010,Ratlam,MP,Female,22
122,Bryan,King,morganjones@example.net,438005,Shivpuri,MP,Male,20
1220,Dustin,Gallagher,morrowthomas@example.com,472005,Indore,MP,Female,31
1221,Sheila,Cervantes,xrios@example.net,438009,Shivpuri,MP,Male,45
1222,Allison,Goodwin,millerjoshua@example.org,458004,Rewa,MP,Male,54
1223,Justin,Bell,raysamuel@example.com,438010,Shivpuri,MP,Male,60
1224,Sherry,Soto,qholland@example.com,438004,Shivpuri,MP,Female,35
1225,Christopher,Scott,mark49@example.org,453010,Bhopal,MP,Male,32
1226,Wendy,Hayes,angela13@example.org,476006,Guna,MP,Female,52
1227,Jake,Smith,ggamble@example.net,453004,Bhopal,MP,Male,67
1228,Robert,Velez,timothyedwards@example.net,471009,Morena,MP,Female,67
1229,Albert,Martin,madeline10@example.org,473007,Bhopal,MP,Female,32
123,Austin,Ortiz,sjones@example.net,457010,Jabalpur,MP,Female,19
1230,Isaac,Garcia,christinerodriguez@example.com,452010,Indore,MP,Female,69
1231,Melissa,Merritt,cynthia07@example.org,453004,Bhopal,MP,Female,24
1232,Robert,Dennis,iwilliamson@example.net,451008,Morena,MP,Female,23
1233,Karen,Washington,marshallmichael@example.com,438001,Shivpuri,MP,Female,38
1234,Tiffany,Reyes,timothy76@example.net,473006,Bhopal,MP,Female,35
1235,Jennifer,Gray,mario40@example.net,479007,Ujjain,MP,Female,34
1236,Miranda,Davis,tclark@example.net,453008,Bhopal,MP,Female,24
1237,Charles,Hart,ryanwilliams@example.net,452009,Indore,MP,Male,22
1238,Derrick,Roach,bonnie14@example.com,418001,Ratlam,MP,Female,22
1239,Debbie,Sharp,nathanharris@example.com,471006,Morena,MP,Male,43
124,Mary,Juarez,robertbell@example.com,453002,Bhopal,MP,Female,24
1240,Mark,Waller,wangemily@example.net,418008,Ratlam,MP,Female,58
1241,Donna,Butler,allendarren@example.com,478009,Rewa,MP,Female,36
1242,Timothy,Green,deniselove@example.org,474004,Gwalior,MP,Male,27
1243,Juan,Duran,youngjames@example.com,476005,Guna,MP,Female,62
1244,Mary,Greer,harrismichael@example.org,479012,Ujjain,MP,Male,24
1245,Matthew,Wells,padillaashley@example.net,478007,Rewa,MP,Male,24
1246,Christine,Parker,edwardsjames@example.com,438010,Shivpuri,MP,Male,70
1247,Gina,Holmes,ole@example.org,418009,Ratlam,MP,Female,45
1248,Michael,Daniels,jrocha@example.com,451002,Morena,MP,Female,31
1249,Zoe,Hill,michaelnelson@example.org,438002,Shivpuri,MP,Female,45
125,Michael,Bray,william50@example.org,456003,Guna,MP,Male,63
1250,Erika,King,daviskaylee@example.org,476009,Guna,MP,Female,30
1251,Sylvia,Hall,melissalewis@example.org,472006,Indore,MP,Female,64
1252,David,Marks,kathyhayes@example.org,418001,Ratlam,MP,Male,49
1253,Patrick,Deleon,rnguyen@example.org,453003,Bhopal,MP,Male,68
1254,Lawrence,West,martinezmary@example.com,418009,Ratlam,MP,Male,43
1255,Megan,Tran,foleykimberly@example.com,459009,Ujjain,MP,Female,50
1256,Benjamin,Warren,hstokes@example.net,458010,Rewa,MP,Male,70
1257,Jessica,Baker,pwhite@example.com,459002,Ujjain,MP,Female,38
1258,Victor,Hurst,philipherrera@example.net,438010,Shivpuri,MP,Male,58
1259,Nathan,Owens,leedaniel@example.com,476012,Guna,MP,Female,56
126,Kendra,Brown,sean51@example.com,456002,Guna,MP,Female,20
1260,Danielle,Johnson,irose@example.net,418005,Ratlam,MP,Male,42
1261,Andrew,Green,cruzandrew@example.org,477006,Jabalpur,MP,Male,43
1262,Mark,Lane,fanderson@example.com,476007,Guna,MP,Male,51
1263,Denise,Gonzalez,tgonzalez@example.com,438002,Shivpuri,MP,Female,39
1264,Scott,Kelley,brittany65@example.net,478005,Rewa,MP,Male,69
1265,Nicole,Floyd,alejandro43@example.com,479007,Ujjain,MP,Male,63
1266,James,Serrano,justin25@example.org,459008,Ujjain,MP,Male,70
1267,Kristen,Lara,christopher28@example.org,456008,Guna,MP,Male,24
1268,Rebecca,Andrews,ballmanuel@example.net,453002,Bhopal,MP,Female,50
1269,Trevor,Hunt,robertsrachel@example.com,476006,Guna,MP,Female,63
127,James,Roth,williamperry@example.org,458003,Rewa,MP,Male,46
1270,Daniel,Fisher,icooley@example.net,471006,Morena,MP,Female,48
1271,Kathy,Robertson,plowe@example.org,451002,Morena,MP,Female,36
1272,Jamie,Lewis,morrisanna@example.org,471009,Morena,MP,Male,30
1273,Elizabeth,Brooks,sarahfreeman@example.org,453003,Bhopal,MP,Male,41
1274,Kimberly,Smith,andersonrobert@example.net,474010,Gwalior,MP,Male,36
1275,Sean,Ferguson,matthewsjoshua@example.net,471012,Morena,MP,Male,33
1276,Todd,Hurst,andersonjose@example.com,472007,Indore,MP,Male,47
1277,Jeffrey,Patterson,ana48@example.net,458009,Rewa,MP,Male,30
1278,Gregory,Evans,clarkvalerie@example.net,474002,Gwalior,MP,Female,56
1279,Courtney,Parker,karen97@example.net,458009,Rewa,MP,Female,39
128,Daniel,Macias,hectordavis@example.net,459010,Ujjain,MP,Female,34
1280,Brittany,Hunt,brittanyramos@example.com,459008,Ujjain,MP,Female,19
1281,Jared,Saunders,areyes@example.com,453008,Bhopal,MP,Female,65
1282,Heather,Smith,vegalinda@example.com,477006,Jabalpur,MP,Male,48
1283,Scott,Morales,zaguilar@example.com,457003,Jabalpur,MP,Male,47
1284,Deborah,Williams,tbuchanan@example.org,438008,Shivpuri,MP,Female,48
1285,Theodore,Oconnell,nicoledennis@example.org,471005,Morena,MP,Female,53
1286,Alexandria,Perry,ashley86@example.net,451009,Morena,MP,Male,39
1287,Roy,Bryant,zburgess@example.com,453001,Bhopal,MP,Male,27
1288,Tiffany,Gallegos,dwilliams@example.com,474012,Gwalior,MP,Male,40
1289,Sheryl,Cook,julieblair@example.com,479009,Ujjain,MP,Male,41
129,Erin,Crosby,michaelbriggs@example.net,474012,Gwalior,MP,Female,64
1290,Frederick,Phelps,wallison@example.net,474002,Gwalior,MP,Male,33
1291,Kaitlin,Gallagher,michaelsloan@example.net,458003,Rewa,MP,Female,18
1292,Angela,Ford,wallacejennifer@example.org,474010,Gwalior,MP,Male,52
1293,Jenna,Jones,ryan71@example.net,474001,Gwalior,MP,Male,60
1294,Kari,Acosta,idyer@example.com,474003,Gwalior,MP,Male,54
1295,John,Hoffman,hammondtimothy@example.net,479009,Ujjain,MP,Male,57
1296,Crystal,Oconnell,leahthompson@example.net,458009,Rewa,MP,Female,70
1297,Selena,Smith,shannon98@example.com,451004,Morena,MP,Male,34
1298,Jeremy,Johnson,katherinejordan@example.com,474010,Gwalior,MP,Male,61
1299,Dennis,Roberts,amy71@example.net,473006,Bhopal,MP,Female,35
13,Haley,Todd,stacytran@example.org,458003,Rewa,MP,Male,22
130,Miguel,Richardson,fmelton@example.com,478009,Rewa,MP,Female,44
1300,Joseph,Carter,rachel82@example.net,471006,Morena,MP,Female,29
1301,Benjamin,Fischer,limichelle@example.net,418004,Ratlam,MP,Male,35
1302,Jessica,Willis,jwilliams@example.org,476005,Guna,MP,Male,18
1303,Thomas,Hernandez,casey45@example.org,479009,Ujjain,MP,Female,23
1304,Jose,Davila,scott13@example.org,438009,Shivpuri,MP,Male,59
1305,Rachel,Flores,catherinewhite@example.net,451004,Morena,MP,Female,63
1306,Christopher,Graham,rita21@example.org,457001,Jabalpur,MP,Female,22
1307,Monica,Jenkins,patrickjennifer@example.com,472012,Indore,MP,Female,49
1308,Timothy,Clark,dakota87@example.net,459004,Ujjain,MP,Female,24
1309,Brandi,Middleton,christopher22@example.org,418002,Ratlam,MP,Female,56
131,Stephanie,Harris,ynunez@example.com,418004,Ratlam,MP,Male,69
1310,Michele,Conrad,jessica61@example.com,452010,Indore,MP,Female,52
1311,Aaron,Taylor,troyjones@example.org,451002,Morena,MP,Male,31
1312,Dustin,Williams,ggutierrez@example.net,456003,Guna,MP,Male,20
1313,Derek,Rodriguez,cindythomas@example.org,418005,Ratlam,MP,Male,37
1314,Kristina,Sims,wendycraig@example.com,456008,Guna,MP,Female,41
1315,Barbara,Cruz,bethany01@example.org,474011,Gwalior,MP,Male,56
1316,John,Brown,katherine53@example.com,474011,Gwalior,MP,Male,30
1317,Cathy,Williamson,parkerstephanie@example.org,479007,Ujjain,MP,Male,59
1318,Laura,Marshall,crystal17@example.com,474007,Gwalior,MP,Female,19
1319,Danielle,Singh,erinlee@example.com,459004,Ujjain,MP,Male,38
132,Krystal,Jones,davisalexander@example.net,438002,Shivpuri,MP,Male,42
1320,Scott,Hart,joyceanderson@example.net,471012,Morena,MP,Male,47
1321,Tracy,Brown,aallen@example.org,456003,Guna,MP,Male,59
1322,Shawn,Johnson,ryanheath@example.org,474005,Gwalior,MP,Female,57
1323,Kenneth,Jackson,brucehall@example.com,453001,Bhopal,MP,Female,42
1324,Angela,Lewis,patrickmichael@example.net,452008,Indore,MP,Female,31
1325,Andrew,Russo,garciamary@example.net,473009,Bhopal,MP,Male,54
1326,Joseph,Vasquez,mclaughlinerik@example.com,473007,Bhopal,MP,Female,56
1327,Michael,Wilson,lauracole@example.net,479005,Ujjain,MP,Female,18
1328,Brittany,Vargas,justintaylor@example.com,459001,Ujjain,MP,Male,46
1329,Lindsey,Petersen,michelle88@example.net,474012,Gwalior,MP,Male,28
133,Monica,Mason,kochjill@example.org,459001,Ujjain,MP,Female,65
1330,Becky,Howard,dennis19@example.net,472007,Indore,MP,Male,65
1331,Alyssa,Randall,pkim@example.com,457009,Jabalpur,MP,Male,66
1332,Laura,Potter,nfischer@example.org,471007,Morena,MP,Male,67
1333,Christine,Thomas,charles69@example.com,478009,Rewa,MP,Female,23
1334,Samantha,Rocha,christopherhernandez@example.com,474008,Gwalior,MP,Male,68
1335,Tony,Flores,joseaustin@example.org,459009,Ujjain,MP,Female,50
1336,Victoria,Thompson,mark78@example.com,438004,Shivpuri,MP,Male,56
1337,Brian,Ortiz,cheryl67@example.net,438008,Shivpuri,MP,Male,26
1338,Donna,Adams,michael70@example.net,472009,Indore,MP,Female,21
1339,Chris,Brown,shawn34@example.com,473007,Bhopal,MP,Male,53
134,Sheila,Davis,davidlopez@example.com,477007,Jabalpur,MP,Male,69
1340,Kevin,Smith,rfrank@example.com,456010,Guna,MP,Female,59
1341,Larry,Adams,suzannepena@example.net,452004,Indore,MP,Female,57
1342,Christopher,George,patrick98@example.net,471005,Morena,MP,Female,41
1343,Jose,Adams,natalie59@example.com,472007,Indore,MP,Male,39
1344,Sheila,Brown,swansonadam@example.net,451010,Morena,MP,Female,23
1345,Nicole,King,melanie43@example.com,478009,Rewa,MP,Female,60
1346,Craig,Sanchez,jessicagarcia@example.com,451003,Morena,MP,Female,32
1347,Jason,Martinez,ogrant@example.com,459008,Ujjain,MP,Male,53
1348,Sarah,Griffith,brownjames@example.com,473009,Bhopal,MP,Female,66
1349,Melissa,Brown,stacy04@example.net,453003,Bhopal,MP,Male,65
135,Cody,Cooper,kelseyhansen@example.org,457001,Jabalpur,MP,Male,26
1350,Emily,Martin,fanderson@example.org,459010,Ujjain,MP,Female,67
1351,Lawrence,Gonzalez,jessicareed@example.org,453009,Bhopal,MP,Female,18
1352,William,Collins,farcher@example.net,418006,Ratlam,MP,Male,57
1353,Laura,Tanner,tcook@example.com,453004,Bhopal,MP,Male,47
1354,Ashley,Williams,danielgarcia@example.org,476012,Guna,MP,Female,25
1355,Levi,Taylor,charles58@example.com,456002,Guna,MP,Male,53
1356,Christopher,Green,daybrittany@example.com,451004,Morena,MP,Male,46
1357,Omar,Taylor,crystalhart@example.net,478009,Rewa,MP,Female,22
1358,Brandy,Ramirez,mathischristopher@example.org,438006,Shivpuri,MP,Female,50
1359,Katrina,Sweeney,uboyer@example.org,458003,Rewa,MP,Female,26
136,Angela,Ward,danabest@example.net,474005,Gwalior,MP,Male,51
1360,Todd,Shah,jennifer56@example.com,456010,Guna,MP,Male,20
1361,Eugene,Barnes,lori47@example.com,459009,Ujjain,MP,Female,36
1362,Michael,Rose,kevinlee@example.org,471009,Morena,MP,Male,47
1363,Helen,Burgess,garrettstewart@example.com,457004,Jabalpur,MP,Male,18
1364,Cory,Sweeney,benjamin19@example.com,418002,Ratlam,MP,Female,57
1365,Kathy,Thompson,taylorashley@example.net,472006,Indore,MP,Female,28
1366,William,Gilbert,heather08@example.org,451010,Morena,MP,Female,58
1367,Ashley,Obrien,ijackson@example.net,457010,Jabalpur,MP,Female,25
1368,Joseph,May,cpham@example.org,458003,Rewa,MP,Female,49
1369,Tony,Curry,kathleen91@example.org,457001,Jabalpur,MP,Male,59
137,Kevin,Stuart,rmeyers@example.net,418008,Ratlam,MP,Female,66
1370,Sherri,Hall,xhughes@example.com,438009,Shivpuri,MP,Male,54
1371,Mark,Green,john98@example.net,472012,Indore,MP,Female,31
1372,Joshua,Aguilar,stonerobert@example.org,459002,Ujjain,MP,Female,65
1373,Tanya,Carter,qdennis@example.net,474005,Gwalior,MP,Female,36
1374,Audrey,Moore,ojimenez@example.org,418012,Ratlam,MP,Female,41
1375,Stephen,Bean,sryan@example.com,479007,Ujjain,MP,Female,63
1376,Maria,Craig,shaynes@example.net,453010,Bhopal,MP,Male,54
1377,Jennifer,Tyler,noah10@example.net,418001,Ratlam,MP,Male,50
1378,Ashley,Scott,natkins@example.org,452009,Indore,MP,Male,27
1379,Sheri,Jones,ckelly@example.org,451003,Morena,MP,Female,19
138,Gabriel,Lopez,morrisjesse@example.com,473006,Bhopal,MP,Male,60
1380,William,Cordova,vbaker@example.com,456004,Guna,MP,Male,62
1381,Joshua,Galvan,gabriellaevans@example.net,451008,Morena,MP,Male,49
1382,Melanie,Scott,amandasimpson@example.org,474009,Gwalior,MP,Male,36
1383,Kyle,Mclaughlin,ndiaz@example.net,418008,Ratlam,MP,Female,44
1384,Patricia,Tyler,pmckinney@example.net,476009,Guna,MP,Female,49
1385,Joshua,Ayers,jasminepeterson@example.org,476006,Guna,MP,Male,46
1386,Jennifer,Fischer,grimesmark@example.net,418001,Ratlam,MP,Male,33
1387,Michael,Ferguson,michael51@example.com,478007,Rewa,MP,Male,27
1388,Adam,Hickman,webbdonna@example.net,456009,Guna,MP,Female,50
1389,Jerry,Brown,kerrdaniel@example.net,471005,Morena,MP,Male,64
139,Curtis,Meyer,michael45@example.org,438009,Shivpuri,MP,Female,20
1390,Taylor,Carr,rachel28@example.net,476009,Guna,MP,Female,39
1391,Michael,Rogers,zaguilar@example.org,438004,Shivpuri,MP,Male,52
1392,Janice,Jones,uparsons@example.org,474011,Gwalior,MP,Male,50
1393,Patricia,Bennett,zbell@example.net,438007,Shivpuri,MP,Female,48
1394,Sarah,Medina,ijohnson@example.com,438010,Shivpuri,MP,Female,67
1395,Dominic,Smith,anthony03@example.net,459003,Ujjain,MP,Female,34
1396,Nicholas,Robertson,elizabethrobinson@example.net,459002,Ujjain,MP,Male,47
1397,Lindsey,Hunt,cameronswanson@example.org,459008,Ujjain,MP,Female,29
1398,Abigail,Weaver,brian68@example.com,418005,Ratlam,MP,Male,24
1399,Wesley,Fisher,alexander98@example.org,456004,Guna,MP,Female,44
14,Amber,Mccarthy,vramos@example.org,451001,Morena,MP,Female,52
140,Benjamin,Lowe,wdavis@example.com,472005,Indore,MP,Female,35
1400,Lori,Reese,oyu@example.net,476006,Guna,MP,Female,41
1401,John,Jones,wvelasquez@example.net,451001,Morena,MP,Female,55
1402,Philip,Adams,louisball@example.net,438008,Shivpuri,MP,Male,23
1403,Jacob,Gray,jennifer65@example.com,451003,Morena,MP,Female,70
1404,Julie,Peterson,smithross@example.net,459001,Ujjain,MP,Female,19
1405,Anna,Brewer,clarkesean@example.net,457003,Jabalpur,MP,Female,51
1406,Victoria,Cole,velasquezpedro@example.net,456002,Guna,MP,Female,30
1407,Louis,Chen,barbara26@example.com,451003,Morena,MP,Male,54
1408,Jill,Powell,krocha@example.net,471009,Morena,MP,Female,56
1409,Emily,Nicholson,alicebrown@example.com,418009,Ratlam,MP,Female,26
141,Lisa,Pratt,christopher10@example.org,418010,Ratlam,MP,Female,40
1410,Danny,Johnson,christinemeyer@example.com,451001,Morena,MP,Male,58
1411,Sydney,Mcclure,pcalhoun@example.org,418008,Ratlam,MP,Female,33
1412,Gabriela,Mckinney,nharvey@example.net,438007,Shivpuri,MP,Male,38
1413,Ivan,Fox,carrillolarry@example.net,477005,Jabalpur,MP,Male,61
1414,John,Brown,rdawson@example.org,474009,Gwalior,MP,Male,28
1415,Dustin,King,csmith@example.net,457009,Jabalpur,MP,Male,57
1416,Jennifer,Small,amylester@example.com,474009,Gwalior,MP,Female,34
1417,Anthony,Wise,laura91@example.net,478006,Rewa,MP,Male,22
1418,Jonathan,Holloway,brandon23@example.com,473009,Bhopal,MP,Male,68
1419,Mark,Rhodes,xmills@example.net,472006,Indore,MP,Female,70
142,Michael,Mahoney,dylandavenport@example.net,418009,Ratlam,MP,Male,36
1420,Lori,Bradley,mbarber@example.org,418006,Ratlam,MP,Female,26
1421,Terri,White,craig08@example.net,473006,Bhopal,MP,Male,42
1422,Rachael,Jarvis,hjohnson@example.net,474008,Gwalior,MP,Male,30
1423,Lee,Hooper,greg89@example.org,453001,Bhopal,MP,Male,65
1424,Daniel,Jensen,christinelopez@example.org,471009,Morena,MP,Male,56
1425,Valerie,Salazar,greenwayne@example.org,479007,Ujjain,MP,Male,44
1426,Adrienne,Robertson,taylorjohnson@example.net,457003,Jabalpur,MP,Female,52
1427,Amy,Hobbs,cyang@example.org,451004,Morena,MP,Male,40
1428,Desiree,Martin,baguilar@example.net,457004,Jabalpur,MP,Male,20
1429,Lindsey,Moss,dthomas@example.org,476006,Guna,MP,Male,36
143,David,Robertson,garciajoseph@example.net,458010,Rewa,MP,Male,33
1430,Victoria,Morales,xprice@example.org,438007,Shivpuri,MP,Male,44
1431,Rhonda,Morris,fduran@example.org,457004,Jabalpur,MP,Male,29
1432,Christian,Stephenson,samanthaedwards@example.net,478007,Rewa,MP,Female,23
1433,Lori,Long,nvillanueva@example.com,478005,Rewa,MP,Female,69
1434,John,Chan,oserrano@example.com,451001,Morena,MP,Male,20
1435,Joann,Weaver,glennconner@example.org,479009,Ujjain,MP,Male,65
1436,Deanna,Howard,scampbell@example.net,477012,Jabalpur,MP,Male,70
1437,Bryan,Aguilar,racheldavenport@example.org,453010,Bhopal,MP,Male,39
1438,Angela,King,kevinherman@example.com,457002,Jabalpur,MP,Female,27
1439,Kenneth,Anderson,jonperry@example.net,459001,Ujjain,MP,Male,68
144,Ivan,Barton,ericzimmerman@example.com,474003,Gwalior,MP,Female,43
1440,Michael,Carter,mcleankatie@example.org,456001,Guna,MP,Female,35
1441,Shawna,Wong,kristin11@example.net,418001,Ratlam,MP,Female,32
1442,David,Johnson,zbenitez@example.net,418007,Ratlam,MP,Male,56
1443,Amanda,George,zbradshaw@example.net,456010,Guna,MP,Male,29
1444,Patricia,Curtis,samantha46@example.com,474004,Gwalior,MP,Female,36
1445,Sara,Anderson,jimenezmegan@example.net,472009,Indore,MP,Female,28
1446,Stephen,Solis,beardgeorge@example.com,473006,Bhopal,MP,Female,49
1447,Justin,Osborne,danielsbrenda@example.net,479005,Ujjain,MP,Male,58
1448,Pamela,Bowman,scottdaniels@example.com,457010,Jabalpur,MP,Male,30
1449,Jill,Gilbert,williammalone@example.com,457002,Jabalpur,MP,Female,40
145,Kenneth,Long,beasleydeborah@example.net,474005,Gwalior,MP,Female,29
1450,Sarah,Jordan,mfleming@example.com,458003,Rewa,MP,Female,39
1451,Bryan,Guerra,jonathanfernandez@example.com,452010,Indore,MP,Female,69
1452,Kevin,Meyer,maryfranklin@example.net,456001,Guna,MP,Male,40
1453,Albert,Graham,cmorris@example.net,452004,Indore,MP,Female,63
1454,Maria,Russell,kyle13@example.com,453004,Bhopal,MP,Male,48
1455,Allison,Taylor,jacob72@example.org,472009,Indore,MP,Male,66
1456,Patrick,Lucas,nicolebrown@example.org,474007,Gwalior,MP,Male,45
1457,Paul,Rodriguez,jonesbill@example.org,418007,Ratlam,MP,Male,67
1458,Arthur,Spence,paynesamantha@example.com,474004,Gwalior,MP,Female,68
1459,Stephanie,Barber,meghanrios@example.org,418001,Ratlam,MP,Male,40
146,Amy,Underwood,jdaniels@example.com,458004,Rewa,MP,Male,45
1460,Ashley,Knight,dmoreno@example.com,477007,Jabalpur,MP,Female,18
1461,Kathleen,Morales,parrishcraig@example.com,453002,Bhopal,MP,Male,30
1462,Sean,Keller,andrew71@example.com,471007,Morena,MP,Female,57
1463,Kirk,Perez,jessicapalmer@example.net,418007,Ratlam,MP,Female,45
1464,Jeffrey,White,aaronjohns@example.com,453009,Bhopal,MP,Male,35
1465,Kimberly,Hoffman,jessica14@example.net,453008,Bhopal,MP,Female,19
1466,Dominique,Guzman,taylorjacob@example.net,453008,Bhopal,MP,Male,51
1467,Victoria,Smith,meganrodriguez@example.net,418012,Ratlam,MP,Male,58
1468,Kelsey,Parker,robertsonbrianna@example.com,457009,Jabalpur,MP,Male,53
1469,Richard,Brown,daniel39@example.net,452003,Indore,MP,Male,47
147,Melissa,Dennis,medinamorgan@example.org,473005,Bhopal,MP,Female,41
1470,Kimberly,Townsend,yshaw@example.org,473007,Bhopal,MP,Male,42
1471,Doris,Grant,brendanmatthews@example.net,474003,Gwalior,MP,Female,28
1472,Luis,Ward,pyoung@example.com,458008,Rewa,MP,Female,19
1473,Aaron,Guerra,michael21@example.com,452004,Indore,MP,Female,48
1474,Michael,Gilbert,dkirby@example.net,438008,Shivpuri,MP,Female,60
1475,Misty,Wallace,harveystephanie@example.com,457002,Jabalpur,MP,Male,19
1476,Joyce,Martinez,kingrachel@example.com,458003,Rewa,MP,Female,43
1477,Jimmy,Santiago,sextonshawna@example.net,418012,Ratlam,MP,Male,36
1478,Joann,Lee,mrice@example.org,458010,Rewa,MP,Female,42
1479,Teresa,Martinez,christopher43@example.org,438001,Shivpuri,MP,Male,51
148,Stephen,Sampson,diana29@example.net,459003,Ujjain,MP,Male,18
1480,Alexis,Larson,rachel87@example.com,438009,Shivpuri,MP,Male,60
1481,Annette,Kelley,david71@example.net,438012,Shivpuri,MP,Female,27
1482,Edgar,Chandler,spencerlopez@example.net,457003,Jabalpur,MP,Male,59
1483,Jacob,Wise,kathleen57@example.net,453003,Bhopal,MP,Male,61
1484,Kristopher,Lopez,troylane@example.net,438001,Shivpuri,MP,Male,48
1485,Donald,West,kellylogan@example.org,458008,Rewa,MP,Female,63
1486,Frank,Hill,mark02@example.org,451004,Morena,MP,Female,54
1487,Anthony,Martinez,zgordon@example.net,452008,Indore,MP,Female,32
1488,Joseph,Blankenship,jamesdavis@example.com,452010,Indore,MP,Male,66
1489,Reginald,Miller,hammondlauren@example.com,452001,Indore,MP,Male,66
149,Anthony,Frye,reynoldsalexandra@example.org,456004,Guna,MP,Female,39
1490,Ashley,Jones,benjaminmerritt@example.net,438004,Shivpuri,MP,Female,64
1491,Samantha,Williams,victor84@example.com,452008,Indore,MP,Female,53
1492,Deanna,Powell,charles93@example.org,438008,Shivpuri,MP,Male,44
1493,Morgan,Benjamin,wuemily@example.org,457004,Jabalpur,MP,Female,54
1494,Mary,Rodriguez,cynthiathompson@example.org,451001,Morena,MP,Male,61
1495,Mary,Rhodes,vwest@example.net,476007,Guna,MP,Female,66
1496,Diane,Romero,tiffany35@example.com,478007,Rewa,MP,Male,20
1497,Logan,Stewart,melissa53@example.net,457009,Jabalpur,MP,Female,41
1498,Andrew,Bright,wbowen@example.com,476009,Guna,MP,Male,44
1499,Joseph,Jackson,schwartzjoseph@example.com,473012,Bhopal,MP,Female,65
15,Logan,Pruitt,vmoyer@example.org,451008,Morena,MP,Male,42
150,Andre,Clark,rhicks@example.net,459001,Ujjain,MP,Male,70
1500,Brian,Schwartz,johnsontiffany@example.com,476006,Guna,MP,Female,33
1501,Kurt,Jackson,wagnermaurice@example.net,452004,Indore,MP,Female,40
1502,Dylan,Tucker,robertdaniels@example.net,472009,Indore,MP,Male,25
1503,Julia,Ramirez,lawrencekaren@example.org,474012,Gwalior,MP,Female,31
1504,Blake,Morgan,chadyoung@example.com,451003,Morena,MP,Male,39
1505,Sara,Wilson,steven93@example.org,458003,Rewa,MP,Female,38
1506,Elizabeth,Duran,barreramatthew@example.org,459009,Ujjain,MP,Female,64
1507,Mandy,Moody,davenportmelissa@example.org,472012,Indore,MP,Male,68
1508,Audrey,Hernandez,victoria82@example.org,451002,Morena,MP,Male,47
1509,Carrie,Leach,clarkryan@example.net,458008,Rewa,MP,Female,61
151,Christopher,Rhodes,vwalters@example.org,458009,Rewa,MP,Male,53
1510,Jennifer,Davis,hchapman@example.net,438009,Shivpuri,MP,Male,48
1511,Manuel,Brown,ryangarcia@example.org,474011,Gwalior,MP,Male,46
1512,Jamie,Fisher,wilsonjennifer@example.org,459004,Ujjain,MP,Male,29
1513,Michael,Kline,lloydjustin@example.org,474005,Gwalior,MP,Female,18
1514,Anita,Mcguire,lauraschmidt@example.com,478006,Rewa,MP,Female,56
1515,Brian,Andrews,barbara34@example.org,458003,Rewa,MP,Male,32
1516,Katelyn,Benson,ortegabrian@example.net,438007,Shivpuri,MP,Male,37
1517,Austin,Wood,shannonjacobson@example.org,418012,Ratlam,MP,Male,59
1518,James,Mitchell,sydneywilliams@example.org,418006,Ratlam,MP,Male,26
1519,Chad,Green,cynthia33@example.org,418006,Ratlam,MP,Male,30
152,Jack,Lawson,jwhitney@example.net,438005,Shivpuri,MP,Male,66
1520,Jose,Barber,justin76@example.org,451002,Morena,MP,Male,42
1521,John,Taylor,joshua91@example.com,438007,Shivpuri,MP,Male,45
1522,Deanna,Mcclain,zparks@example.com,472009,Indore,MP,Female,56
1523,James,Kirk,mcintyrenatalie@example.com,451002,Morena,MP,Male,44
1524,Lawrence,Phillips,watsonmathew@example.net,453002,Bhopal,MP,Female,35
1525,Rodney,Jacobs,andreacooper@example.org,458004,Rewa,MP,Female,46
1526,Donald,Middleton,jill19@example.org,478007,Rewa,MP,Female,57
1527,Terri,Simpson,holly51@example.org,453009,Bhopal,MP,Female,40
1528,April,Murray,xperkins@example.com,474006,Gwalior,MP,Female,54
1529,Alex,Todd,allison39@example.org,438005,Shivpuri,MP,Male,70
153,Crystal,Black,samuel11@example.org,456008,Guna,MP,Male,30
1530,Rhonda,Grant,qharris@example.net,438004,Shivpuri,MP,Female,20
1531,Benjamin,Hill,jimmy45@example.org,453004,Bhopal,MP,Male,48
1532,Kurt,Webb,christianhill@example.net,477012,Jabalpur,MP,Female,44
1533,Jeanne,Johns,dstephenson@example.net,451004,Morena,MP,Female,32
1534,Suzanne,Castillo,ramirezkelsey@example.com,458008,Rewa,MP,Male,45
1535,Jesse,Chambers,elizabethcampbell@example.net,458009,Rewa,MP,Male,67
1536,Claire,Escobar,john26@example.net,418009,Ratlam,MP,Male,56
1537,Elizabeth,Evans,eric91@example.net,438005,Shivpuri,MP,Female,32
1538,Dennis,Butler,williamthomas@example.com,471007,Morena,MP,Male,69
1539,Melissa,Mcbride,montgomerykimberly@example.org,474006,Gwalior,MP,Female,61
154,Melissa,Roberts,richardferguson@example.net,452003,Indore,MP,Female,20
1540,Gabriel,Henderson,fischerpaula@example.net,418012,Ratlam,MP,Female,39
1541,Robin,Hernandez,william55@example.net,458001,Rewa,MP,Male,40
1542,Zachary,Garner,michelle98@example.net,451003,Morena,MP,Male,63
1543,Lauren,Fitzgerald,zbutler@example.org,452009,Indore,MP,Male,22
1544,Holly,Blanchard,jack94@example.org,471009,Morena,MP,Male,25
1545,Edward,Aguirre,steven96@example.org,438005,Shivpuri,MP,Female,50
1546,Colton,Davis,patrick59@example.com,452008,Indore,MP,Female,48
1547,Felicia,Ware,princejustin@example.com,479006,Ujjain,MP,Female,18
1548,Megan,Marquez,vcarter@example.net,473009,Bhopal,MP,Male,70
1549,Ashlee,Williams,felicialucas@example.org,479009,Ujjain,MP,Male,29
155,Claudia,Brewer,mcculloughdebra@example.org,459010,Ujjain,MP,Male,32
1550,Monica,Ray,raylogan@example.org,438012,Shivpuri,MP,Male,68
1551,John,Taylor,stevenhoward@example.org,438007,Shivpuri,MP,Female,56
1552,Daniel,Hughes,karen83@example.net,418004,Ratlam,MP,Female,52
1553,Elizabeth,Stone,amycharles@example.org,418007,Ratlam,MP,Female,28
1554,Patricia,Reid,jmeyer@example.org,459003,Ujjain,MP,Male,48
1555,Raven,Bennett,uschultz@example.org,457002,Jabalpur,MP,Male,57
1556,Elizabeth,Castaneda,scraig@example.net,418005,Ratlam,MP,Male,59
1557,Lawrence,Burns,williamspaul@example.com,438009,Shivpuri,MP,Male,22
1558,Justin,Lindsey,thomas62@example.net,474005,Gwalior,MP,Female,30
1559,Brittany,Guerrero,david61@example.com,478007,Rewa,MP,Female,57
156,Kristina,Brown,logan67@example.com,474004,Gwalior,MP,Male,41
1560,Joshua,Dudley,cooksamuel@example.org,457003,Jabalpur,MP,Female,20
1561,Jamie,Li,kyle34@example.net,418002,Ratlam,MP,Male,45
1562,Carol,Smith,perrymaria@example.net,479009,Ujjain,MP,Female,49
1563,Marie,Cobb,kphillips@example.com,458009,Rewa,MP,Male,30
1564,Lori,Yates,colesusan@example.com,477005,Jabalpur,MP,Female,18
1565,Jacob,Pearson,jillianmartin@example.com,418004,Ratlam,MP,Male,40
1566,Darren,Ward,charlesbridges@example.net,438012,Shivpuri,MP,Female,24
1567,Jesse,Fischer,jennifer02@example.org,457001,Jabalpur,MP,Male,27
1568,Paul,Johnson,hammondallison@example.com,472007,Indore,MP,Male,32
1569,Brandy,Kelly,katelyncurry@example.org,474010,Gwalior,MP,Male,42
157,Eric,Farrell,craigisaac@example.net,458001,Rewa,MP,Female,65
1570,Charles,Bailey,anthony57@example.net,458009,Rewa,MP,Male,44
1571,Justin,Sutton,edavis@example.com,438004,Shivpuri,MP,Male,63
1572,Briana,Gutierrez,lsantos@example.com,438007,Shivpuri,MP,Female,33
1573,Diana,Wright,wperez@example.org,477006,Jabalpur,MP,Male,28
1574,Michelle,Logan,suarezangelica@example.org,459009,Ujjain,MP,Male,29
1575,Nicholas,Willis,kevin10@example.org,457003,Jabalpur,MP,Female,24
1576,Bradley,Briggs,kelly43@example.net,476005,Guna,MP,Female,42
1577,Tina,Smith,smithwilliam@example.com,471012,Morena,MP,Female,33
1578,Susan,Randall,thompsonangela@example.org,418009,Ratlam,MP,Female,62
1579,Lisa,Pearson,clifford83@example.net,453008,Bhopal,MP,Female,19
158,Sarah,Zamora,sean17@example.com,476006,Guna,MP,Female,46
1580,Xavier,Snyder,hudsonkathy@example.net,418008,Ratlam,MP,Female,47
1581,Norman,Turner,ybaldwin@example.org,438010,Shivpuri,MP,Male,57
1582,Tanya,Hess,laurabaker@example.net,471005,Morena,MP,Male,67
1583,Ryan,Gonzalez,jesse41@example.com,458004,Rewa,MP,Female,30
1584,Angela,Bennett,davistony@example.com,472009,Indore,MP,Female,47
1585,Susan,Torres,thompsonmatthew@example.net,472007,Indore,MP,Male,41
1586,Robin,Boone,anthony32@example.org,456008,Guna,MP,Female,59
1587,Jacqueline,Franklin,spencerbrenda@example.org,474003,Gwalior,MP,Male,54
1588,Jesus,Prince,millsjeremy@example.com,476009,Guna,MP,Female,56
1589,Megan,Jenkins,salasbilly@example.net,452002,Indore,MP,Male,63
159,Jorge,Fuller,xdouglas@example.com,478009,Rewa,MP,Female,65
1590,Michael,Washington,igray@example.org,474005,Gwalior,MP,Male,52
1591,Danielle,Davis,phall@example.org,478009,Rewa,MP,Male,29
1592,Chad,Wilson,christinesoto@example.net,473006,Bhopal,MP,Male,20
1593,Daniel,Nguyen,morgan19@example.com,479012,Ujjain,MP,Male,47
1594,Joseph,Davis,ghunt@example.net,459004,Ujjain,MP,Female,42
1595,Cheryl,Robertson,ksimpson@example.com,438008,Shivpuri,MP,Male,39
1596,Tom,Campbell,hcampbell@example.org,457009,Jabalpur,MP,Male,70
1597,Jessica,Evans,sotojennifer@example.org,457001,Jabalpur,MP,Female,65
1598,Rebecca,Hill,tweaver@example.org,457003,Jabalpur,MP,Female,49
1599,Amy,Owens,brandiclayton@example.org,476005,Guna,MP,Female,26
16,Charles,Henry,tmartinez@example.org,452002,Indore,MP,Male,19
160,Jennifer,Davidson,william43@example.com,477006,Jabalpur,MP,Male,51
1600,Anna,Calhoun,kristinwilson@example.com,453009,Bhopal,MP,Male,53
1601,Richard,Hudson,christophervang@example.org,453010,Bhopal,MP,Female,55
1602,Brittany,Daniels,kirk36@example.org,457001,Jabalpur,MP,Male,64
1603,Julia,Garcia,pzimmerman@example.org,458008,Rewa,MP,Female,36
1604,Calvin,Curry,david92@example.net,472006,Indore,MP,Female,62
1605,Michael,Fernandez,connerbryan@example.org,458009,Rewa,MP,Male,37
1606,Amy,Owens,kenneth33@example.org,473012,Bhopal,MP,Female,67
1607,Douglas,Vaughn,williamschristopher@example.com,459008,Ujjain,MP,Male,32
1608,Alexander,Bauer,joseph70@example.com,473009,Bhopal,MP,Female,24
1609,Joshua,Hays,kelly70@example.com,457004,Jabalpur,MP,Male,25
161,Damon,Harris,cindy08@example.org,452008,Indore,MP,Female,36
1610,Stacy,Rush,alison59@example.org,473012,Bhopal,MP,Male,34
1611,Heather,Brooks,stephenhayes@example.net,472009,Indore,MP,Male,35
1612,Ralph,Williams,jamesherrera@example.com,472005,Indore,MP,Female,55
1613,Cheryl,Herrera,richardsonmichael@example.org,438006,Shivpuri,MP,Male,50
1614,Melinda,Berry,tanyaellis@example.com,478007,Rewa,MP,Male,50
1615,Alexander,Lindsey,qbarber@example.org,453008,Bhopal,MP,Female,56
1616,Jeffrey,Strong,umccullough@example.com,438009,Shivpuri,MP,Female,69
1617,Jason,Douglas,michele22@example.net,451004,Morena,MP,Female,28
1618,Danny,Gonzales,brucegeorge@example.net,457001,Jabalpur,MP,Female,56
1619,Cynthia,Daniels,jesusturner@example.net,456009,Guna,MP,Female,58
162,Jeff,Myers,matthewnielsen@example.org,474005,Gwalior,MP,Male,41
1620,Oscar,Jackson,elizabeth22@example.net,478007,Rewa,MP,Female,39
1621,Erik,Lee,nmoore@example.net,474003,Gwalior,MP,Male,33
1622,Holly,Winters,rmyers@example.com,474010,Gwalior,MP,Male,56
1623,Carrie,Walker,pjones@example.org,472005,Indore,MP,Female,32
1624,Haley,Payne,mark29@example.net,452008,Indore,MP,Female,34
1625,Paul,Jones,randyflores@example.com,451008,Morena,MP,Male,34
1626,Cody,Figueroa,russocharles@example.net,474002,Gwalior,MP,Male,38
1627,Joel,Greene,tylerkimberly@example.net,451010,Morena,MP,Male,52
1628,Nancy,Malone,nicholas51@example.org,418005,Ratlam,MP,Male,22
1629,Maurice,Martin,hudsonmary@example.com,451003,Morena,MP,Male,23
163,Melissa,Adams,jenniferfoster@example.com,476009,Guna,MP,Male,19
1630,Timothy,Scott,whitneyrussell@example.org,418001,Ratlam,MP,Male,69
1631,Haley,Glover,amberhughes@example.com,474008,Gwalior,MP,Male,52
1632,Sharon,Powell,nicholsangela@example.com,451002,Morena,MP,Male,54
1633,Bobby,Chase,donaldreyes@example.net,456004,Guna,MP,Male,45
1634,Peter,Sanchez,angela47@example.com,438009,Shivpuri,MP,Female,65
1635,Mark,Norris,scottjoe@example.org,474001,Gwalior,MP,Female,53
1636,Jennifer,Allen,michaelstewart@example.org,458008,Rewa,MP,Female,64
1637,Teresa,Smith,rclark@example.org,458001,Rewa,MP,Male,24
1638,Amber,Pierce,kenneth35@example.com,479005,Ujjain,MP,Female,48
1639,Ethan,Gonzalez,johnhoffman@example.net,451004,Morena,MP,Male,37
164,Mary,Lara,stephanievasquez@example.com,457009,Jabalpur,MP,Male,45
1640,Tiffany,Stokes,smiller@example.com,451002,Morena,MP,Female,69
1641,Scott,Nguyen,spatel@example.net,453009,Bhopal,MP,Male,24
1642,April,Mcfarland,ryangraham@example.net,458009,Rewa,MP,Female,21
1643,Melanie,Lamb,ipittman@example.com,476005,Guna,MP,Female,65
1644,Beverly,Garcia,williamsjason@example.net,479006,Ujjain,MP,Male,61
1645,Annette,Huff,matthewrobertson@example.net,456002,Guna,MP,Female,64
1646,Tracy,Jackson,cynthia70@example.net,452002,Indore,MP,Male,27
1647,Matthew,Garcia,oblair@example.net,459001,Ujjain,MP,Female,48
1648,David,Gardner,adam79@example.com,472009,Indore,MP,Female,29
1649,Karen,Powers,barneskatrina@example.com,459008,Ujjain,MP,Male,47
165,Michele,Lynch,jackhuff@example.org,474012,Gwalior,MP,Female,60
1650,Bryce,Stone,martinezbrandon@example.com,479006,Ujjain,MP,Female,33
1651,Ethan,Hale,wangdonald@example.net,474009,Gwalior,MP,Male,18
1652,Billy,Smith,watsoncolton@example.org,438003,Shivpuri,MP,Female,21
1653,Robert,Robinson,jacksonbianca@example.org,418006,Ratlam,MP,Female,33
1654,Sarah,Ewing,ruizjustin@example.com,418010,Ratlam,MP,Male,25
1655,Trevor,Wilkinson,randyhunter@example.com,456003,Guna,MP,Male,29
1656,Jacob,Werner,valerieharris@example.org,472012,Indore,MP,Male,46
1657,Janice,Bell,yball@example.com,418006,Ratlam,MP,Male,52
1658,Tammy,Jones,tammie65@example.com,452008,Indore,MP,Female,57
1659,Jonathan,Phillips,wilsonalbert@example.com,456009,Guna,MP,Female,40
166,Joseph,Gibson,dgonzalez@example.com,456010,Guna,MP,Female,64
1660,Melanie,Khan,phyllis46@example.com,474010,Gwalior,MP,Female,34
1661,Leah,Lewis,deborah60@example.net,474005,Gwalior,MP,Male,61
1662,Nicole,Carroll,gary46@example.com,456003,Guna,MP,Male,35
1663,Anita,Wilkinson,nelsonpamela@example.com,459009,Ujjain,MP,Female,54
1664,Karen,Hooper,montgomerykiara@example.net,472012,Indore,MP,Male,61
1665,Christopher,Brown,dgregory@example.net,479005,Ujjain,MP,Male,58
1666,Matthew,Rogers,qjensen@example.org,438002,Shivpuri,MP,Female,26
1667,Courtney,Garcia,lanceriley@example.org,478005,Rewa,MP,Male,50
1668,Julia,Green,deborah32@example.com,451010,Morena,MP,Male,21
1669,Jennifer,Little,danny48@example.net,453009,Bhopal,MP,Male,19
167,Walter,Johnson,rpetersen@example.org,479006,Ujjain,MP,Female,46
1670,Shannon,Little,benjamin91@example.org,453010,Bhopal,MP,Female,55
1671,Phillip,Allen,wrightjoy@example.net,451001,Morena,MP,Male,31
1672,John,Vang,pruittjason@example.net,438009,Shivpuri,MP,Female,39
1673,Katherine,Brown,navila@example.com,452002,Indore,MP,Female,37
1674,Jacob,Nicholson,stewartgeorge@example.com,453004,Bhopal,MP,Female,20
1675,Joseph,Smith,lindseyhunter@example.com,456004,Guna,MP,Male,38
1676,Madison,Wall,iaustin@example.net,453001,Bhopal,MP,Female,25
1677,Anita,Bauer,johnanderson@example.org,453001,Bhopal,MP,Male,67
1678,Erin,Patel,joshuajones@example.org,473005,Bhopal,MP,Male,55
1679,Jennifer,Cardenas,james44@example.org,458009,Rewa,MP,Male,21
168,Thomas,Smith,kevincarter@example.org,474008,Gwalior,MP,Female,60
1680,Patricia,Bolton,philipmcclain@example.org,459009,Ujjain,MP,Female,68
1681,Laura,Gross,vincent51@example.com,474012,Gwalior,MP,Male,45
1682,Claire,Costa,donnagillespie@example.com,418010,Ratlam,MP,Male,54
1683,Shelby,Thompson,kevinbray@example.net,479012,Ujjain,MP,Male,23
1684,Patricia,Peters,johnchavez@example.net,473006,Bhopal,MP,Female,57
1685,Kara,Sutton,fdawson@example.com,476005,Guna,MP,Male,44
1686,Anthony,Rojas,craig63@example.net,459003,Ujjain,MP,Female,68
1687,Ryan,Oconnor,matthew74@example.net,453010,Bhopal,MP,Male,31
1688,Zachary,Brown,gboyd@example.net,459009,Ujjain,MP,Female,23
1689,Jose,Moore,jenniferallison@example.net,478007,Rewa,MP,Female,54
169,Stephanie,Parker,rdavis@example.net,451008,Morena,MP,Female,26
1690,Xavier,Mcclain,halljack@example.com,458004,Rewa,MP,Female,18
1691,Ashley,Hill,emilyduncan@example.net,471005,Morena,MP,Female,19
1692,Paul,Patterson,graytracey@example.net,438009,Shivpuri,MP,Male,42
1693,Connor,Williams,colton61@example.net,453008,Bhopal,MP,Male,19
1694,Willie,Hamilton,christopher75@example.com,418009,Ratlam,MP,Male,33
1695,Bethany,Kerr,perryshane@example.net,459009,Ujjain,MP,Male,70
1696,Melissa,Martinez,katherine83@example.com,457009,Jabalpur,MP,Female,30
1697,Jeremy,Stanton,charles53@example.org,418009,Ratlam,MP,Female,35
1698,Erin,Rivera,candace71@example.com,456004,Guna,MP,Male,70
1699,Victoria,Gonzalez,thomasjackson@example.com,474012,Gwalior,MP,Male,32
17,Kevin,Ward,blevinsroger@example.net,459002,Ujjain,MP,Female,31
170,Brittany,Hays,mark91@example.org,474005,Gwalior,MP,Male,62
1700,Robert,Smith,jeffery75@example.com,438009,Shivpuri,MP,Male,50
1701,Melissa,Snyder,rebecca27@example.org,474006,Gwalior,MP,Male,43
1702,Elizabeth,Whitney,brenda40@example.com,477007,Jabalpur,MP,Female,70
1703,Barbara,Baker,goldendavid@example.org,452001,Indore,MP,Female,51
1704,Colleen,Morris,nsullivan@example.net,472012,Indore,MP,Female,44
1705,Michael,Lucas,hesparza@example.net,451004,Morena,MP,Male,42
1706,Michael,Charles,richard50@example.com,459001,Ujjain,MP,Male,35
1707,Anthony,Richardson,craigeric@example.org,453002,Bhopal,MP,Male,18
1708,Janet,Murphy,khampton@example.org,451004,Morena,MP,Male,62
1709,Dustin,Reynolds,robinsonlori@example.org,453001,Bhopal,MP,Male,69
171,Kathleen,Mckenzie,ncollier@example.net,479006,Ujjain,MP,Female,29
1710,Amy,Jackson,michael11@example.org,452004,Indore,MP,Male,61
1711,Sara,Hansen,kimberlymiles@example.com,472007,Indore,MP,Male,23
1712,Lynn,Jackson,melissabarnes@example.com,438004,Shivpuri,MP,Female,38
1713,James,Ford,delacruzjessica@example.com,456008,Guna,MP,Male,42
1714,Alicia,Rodriguez,john62@example.net,451009,Morena,MP,Male,32
1715,Sara,Garcia,alvarezrobert@example.org,476007,Guna,MP,Female,35
1716,Misty,Warner,lesliewilliams@example.org,473006,Bhopal,MP,Male,37
1717,Mark,Fields,kwhite@example.net,478006,Rewa,MP,Female,45
1718,Nicholas,Mcdonald,charles54@example.org,418009,Ratlam,MP,Male,34
1719,Anthony,Price,jjohnson@example.net,476007,Guna,MP,Male,19
172,Tina,Marks,stephencoffey@example.org,452004,Indore,MP,Female,66
1720,Nicholas,Roth,hartchristopher@example.org,459002,Ujjain,MP,Male,51
1721,Courtney,Shepard,ramirezmichelle@example.net,456010,Guna,MP,Female,62
1722,Alicia,Mccall,david07@example.net,459010,Ujjain,MP,Male,18
1723,Timothy,Stout,zmartin@example.org,453004,Bhopal,MP,Female,58
1724,Alyssa,Jimenez,jennifervillegas@example.org,452010,Indore,MP,Female,69
1725,Martha,Roy,michael22@example.com,438004,Shivpuri,MP,Female,50
1726,Janice,Conner,simonpatrick@example.net,418007,Ratlam,MP,Female,66
1727,John,Dickson,cbrady@example.net,456003,Guna,MP,Male,40
1728,Brooke,Robinson,walter17@example.com,474004,Gwalior,MP,Male,39
1729,Scott,Pierce,lesliebooth@example.net,479012,Ujjain,MP,Male,57
173,Aaron,Riggs,gonzalezsamuel@example.org,452004,Indore,MP,Male,49
1730,William,Duncan,dakota42@example.net,438003,Shivpuri,MP,Male,33
1731,Christian,Macdonald,steven73@example.net,418002,Ratlam,MP,Female,37
1732,Brooke,Underwood,luis15@example.net,438012,Shivpuri,MP,Male,21
1733,Benjamin,Hampton,qsanchez@example.org,478012,Rewa,MP,Female,69
1734,Dawn,Tate,lhayes@example.net,477006,Jabalpur,MP,Male,35
1735,Patrick,Rocha,kwright@example.com,452009,Indore,MP,Female,62
1736,Steven,White,brian86@example.com,456001,Guna,MP,Female,21
1737,Jesse,Mathis,dylanelliott@example.org,473009,Bhopal,MP,Male,34
1738,Henry,Valdez,davisjames@example.org,473012,Bhopal,MP,Male,36
1739,Judith,Leblanc,dcollins@example.org,459001,Ujjain,MP,Male,67
174,Teresa,Nixon,mileskatherine@example.org,456002,Guna,MP,Female,33
1740,Robert,Brown,glambert@example.net,451002,Morena,MP,Female,66
1741,Jennifer,Wolfe,clarencezhang@example.net,474005,Gwalior,MP,Male,69
1742,William,Gray,rhutchinson@example.com,478009,Rewa,MP,Female,22
1743,Oscar,Butler,marknelson@example.com,438007,Shivpuri,MP,Male,67
1744,David,Carr,davidadams@example.net,478007,Rewa,MP,Male,31
1745,Angela,Jones,david38@example.org,418008,Ratlam,MP,Male,47
1746,Tina,Underwood,daniel87@example.org,453009,Bhopal,MP,Male,35
1747,Samantha,Pham,zacharysmith@example.org,456010,Guna,MP,Female,53
1748,Anne,Gallagher,atkinstyler@example.com,453003,Bhopal,MP,Female,42
1749,Brittany,Garcia,joshua42@example.org,474010,Gwalior,MP,Male,46
175,Ronald,Mcgrath,harroyo@example.org,474004,Gwalior,MP,Male,27
1750,Kyle,Kelly,nelsonbenjamin@example.org,456004,Guna,MP,Male,62
1751,Richard,Smith,pbennett@example.org,456003,Guna,MP,Male,34
1752,Judy,Wilson,hallcarl@example.com,459002,Ujjain,MP,Male,30
1753,Brittany,Carr,tracy85@example.com,478009,Rewa,MP,Male,37
1754,Zachary,Williams,mullenclayton@example.com,456003,Guna,MP,Male,42
1755,Hunter,Miller,shannon06@example.org,451002,Morena,MP,Female,20
1756,Dustin,Walker,walkervalerie@example.org,479006,Ujjain,MP,Male,46
1757,Elizabeth,Williams,zcardenas@example.org,479012,Ujjain,MP,Female,52
1758,Lawrence,Barber,janetmurphy@example.org,479006,Ujjain,MP,Female,32
1759,Patricia,Steele,cwatts@example.net,459009,Ujjain,MP,Male,61
176,Taylor,Dixon,alyssagonzalez@example.com,472007,Indore,MP,Male,18
1760,Janice,Short,joshuagonzales@example.net,477007,Jabalpur,MP,Male,35
1761,Juan,Miller,wendydavis@example.com,478006,Rewa,MP,Female,38
1762,Mark,Williams,williamperry@example.net,478012,Rewa,MP,Male,64
1763,Joshua,Reilly,cynthia24@example.com,438001,Shivpuri,MP,Female,22
1764,Javier,Harris,vegajennifer@example.org,456004,Guna,MP,Female,31
1765,Bradley,Jackson,robertpowell@example.net,479006,Ujjain,MP,Female,67
1766,Lisa,Davidson,cynthianewman@example.com,474003,Gwalior,MP,Male,23
1767,Steven,Perry,kelliott@example.org,438006,Shivpuri,MP,Female,49
1768,Manuel,Blake,christophersullivan@example.net,452004,Indore,MP,Female,41
1769,Sydney,Johns,ichapman@example.com,474004,Gwalior,MP,Female,50
177,Lauren,Smith,lawrence94@example.org,438009,Shivpuri,MP,Female,34
1770,David,Elliott,wcampbell@example.org,472005,Indore,MP,Male,34
1771,Jessica,Moore,tinadavis@example.net,438010,Shivpuri,MP,Female,56
1772,Peter,Giles,lowevalerie@example.net,478012,Rewa,MP,Female,67
1773,Jacqueline,West,ilee@example.net,474011,Gwalior,MP,Female,41
1774,Christopher,Kim,daniel83@example.net,474007,Gwalior,MP,Female,62
1775,Matthew,Sanchez,jamie22@example.net,418009,Ratlam,MP,Female,63
1776,Kyle,Mccarthy,danieltorres@example.com,479007,Ujjain,MP,Male,68
1777,Yolanda,Jackson,henrykimberly@example.com,457009,Jabalpur,MP,Female,68
1778,Allison,Butler,jeremiahsmith@example.org,418012,Ratlam,MP,Female,25
1779,Randall,Davis,wdougherty@example.com,471006,Morena,MP,Male,43
178,Jason,Jimenez,patrick08@example.net,458001,Rewa,MP,Female,24
1780,Jill,Robinson,kduncan@example.com,471007,Morena,MP,Male,69
1781,Cynthia,Mcknight,mromero@example.net,418008,Ratlam,MP,Male,27
1782,Thomas,Sherman,lpeck@example.org,418008,Ratlam,MP,Female,64
1783,Elizabeth,Silva,steven65@example.net,456010,Guna,MP,Male,42
1784,Steven,Williams,mason27@example.org,452009,Indore,MP,Female,61
1785,Rachel,Montoya,nathan13@example.com,476006,Guna,MP,Male,39
1786,Anna,Robinson,gwarren@example.net,474004,Gwalior,MP,Female,59
1787,Robert,Delgado,fishermichelle@example.com,457003,Jabalpur,MP,Female,19
1788,Lauren,Williams,lorigutierrez@example.com,418006,Ratlam,MP,Male,36
1789,Cynthia,Smith,jacksontiffany@example.com,477005,Jabalpur,MP,Female,26
179,Robert,Salazar,murilloaaron@example.com,473009,Bhopal,MP,Male,57
1790,David,Friedman,hillerica@example.net,474006,Gwalior,MP,Male,31
1791,Rebecca,Cummings,marcuscooper@example.com,453003,Bhopal,MP,Male,67
1792,Michael,Villa,kevinbuck@example.net,474010,Gwalior,MP,Male,60
1793,Kristine,Garza,melissakelly@example.com,456009,Guna,MP,Female,21
1794,Peter,Snyder,rmartin@example.org,453003,Bhopal,MP,Female,22
1795,Jennifer,Harper,brooke71@example.net,458001,Rewa,MP,Male,64
1796,Matthew,Sanders,anitameza@example.com,438002,Shivpuri,MP,Female,65
1797,Kimberly,Murphy,andrew41@example.net,474004,Gwalior,MP,Female,68
1798,Jason,Huber,lstewart@example.com,473005,Bhopal,MP,Female,23
1799,Jessica,Baker,terriharrison@example.com,451010,Morena,MP,Female,67
18,Kevin,Reid,nathan75@example.com,457010,Jabalpur,MP,Male,52
180,Brandon,Lopez,jaypowell@example.com,452009,Indore,MP,Female,31
1800,Justin,Mitchell,zachary14@example.com,472009,Indore,MP,Female,38
1801,Christine,Jones,qmorales@example.net,418007,Ratlam,MP,Female,34
1802,Kenneth,Lane,lgardner@example.org,453008,Bhopal,MP,Male,52
1803,Kathleen,Landry,timothylamb@example.net,478006,Rewa,MP,Female,40
1804,Danielle,Ball,tiffanyvaughan@example.org,438009,Shivpuri,MP,Male,28
1805,Jasmine,Kline,tphillips@example.org,479007,Ujjain,MP,Male,59
1806,Shawn,Kramer,james01@example.org,451009,Morena,MP,Male,21
1807,Brandon,Ward,garygarcia@example.com,438007,Shivpuri,MP,Male,66
1808,Jamie,Robertson,jessica79@example.org,473007,Bhopal,MP,Male,28
1809,Corey,Galvan,chaserobert@example.org,438001,Shivpuri,MP,Female,26
181,Jennifer,Lowe,pcarr@example.org,477012,Jabalpur,MP,Female,59
1810,Sean,Wheeler,anthonydominguez@example.org,452003,Indore,MP,Male,56
1811,Erika,Johnson,john17@example.com,459003,Ujjain,MP,Male,50
1812,Richard,Bradford,steven84@example.net,474004,Gwalior,MP,Male,52
1813,Henry,Gonzalez,rogerchapman@example.com,453010,Bhopal,MP,Male,46
1814,Gerald,Barnes,wrightemily@example.com,451009,Morena,MP,Male,19
1815,Brittany,Brennan,ocherry@example.net,456010,Guna,MP,Male,22
1816,Thomas,Weeks,imiller@example.net,472005,Indore,MP,Male,39
1817,Tara,Harris,wagnercameron@example.com,478006,Rewa,MP,Female,19
1818,Diane,Johnson,trujillogeorge@example.com,477006,Jabalpur,MP,Female,18
1819,David,Cox,alexander49@example.net,473012,Bhopal,MP,Male,69
182,Julie,White,fbird@example.org,472005,Indore,MP,Male,57
1820,Annette,Schroeder,rowlandmatthew@example.com,418008,Ratlam,MP,Male,30
1821,Robert,Johnson,clarktyler@example.com,474007,Gwalior,MP,Male,58
1822,Tammy,Dominguez,katherine11@example.com,456010,Guna,MP,Male,34
1823,Brent,Salinas,hendricksmatthew@example.com,457002,Jabalpur,MP,Male,58
1824,Jacob,Baker,ebarnett@example.net,476009,Guna,MP,Female,45
1825,Elizabeth,Reyes,kevin52@example.net,473007,Bhopal,MP,Male,44
1826,Jay,Thompson,troy20@example.org,479006,Ujjain,MP,Male,32
1827,Katrina,Wagner,hannah15@example.com,474007,Gwalior,MP,Female,57
1828,Stephen,Small,emily96@example.org,474011,Gwalior,MP,Male,18
1829,Timothy,Grant,jamesrogers@example.org,477007,Jabalpur,MP,Female,34
183,Sean,Bell,lrivera@example.org,478007,Rewa,MP,Male,49
1830,Jonathan,Conway,millerbradley@example.net,471012,Morena,MP,Female,30
1831,Alexis,Anderson,myersstephanie@example.com,452001,Indore,MP,Female,30
1832,Courtney,Butler,stephaniehurley@example.net,478007,Rewa,MP,Female,60
1833,Edward,Price,john67@example.com,472007,Indore,MP,Female,61
1834,Cathy,Wright,roblesbrett@example.org,456008,Guna,MP,Female,19
1835,Aaron,Hayes,hicksnatasha@example.org,474010,Gwalior,MP,Female,27
1836,Laurie,Lee,cassidy09@example.net,474006,Gwalior,MP,Female,27
1837,Gabriel,Cohen,lewischristopher@example.net,457010,Jabalpur,MP,Male,21
1838,Christopher,Trevino,bmartinez@example.net,418009,Ratlam,MP,Male,27
1839,Jennifer,Lee,timothy39@example.com,472007,Indore,MP,Female,18
184,Christopher,Moore,pierceamanda@example.com,458001,Rewa,MP,Male,42
1840,Glen,Mason,pagejessica@example.net,471006,Morena,MP,Female,60
1841,Walter,Parker,brady41@example.org,458001,Rewa,MP,Male,56
1842,Kelly,Webster,qmartinez@example.org,458003,Rewa,MP,Female,66
1843,Gary,Boyer,bmedina@example.com,453009,Bhopal,MP,Male,28
1844,Edward,Edwards,oklein@example.com,456002,Guna,MP,Female,39
1845,Nicole,Shields,yolanda76@example.net,456003,Guna,MP,Female,50
1846,Lisa,Shaw,therman@example.org,479009,Ujjain,MP,Male,21
1847,Holly,Henry,rodney38@example.org,438006,Shivpuri,MP,Male,21
1848,Danielle,Roy,teresa66@example.org,418002,Ratlam,MP,Male,28
1849,Joanne,Bishop,joshua36@example.net,452009,Indore,MP,Female,38
185,Kristi,Montgomery,carrsarah@example.org,451003,Morena,MP,Female,63
1850,Kim,Gutierrez,andersondarren@example.org,474009,Gwalior,MP,Female,27
1851,Michael,Harvey,beverlymeyer@example.com,453009,Bhopal,MP,Male,48
1852,Deborah,Morrison,aprilhall@example.org,438002,Shivpuri,MP,Male,51
1853,David,Beard,nicholashughes@example.com,471009,Morena,MP,Male,40
1854,Amber,Higgins,emiranda@example.net,479007,Ujjain,MP,Male,63
1855,James,Macdonald,tthompson@example.org,453009,Bhopal,MP,Female,63
1856,Kenneth,Lara,brandonroberts@example.net,459002,Ujjain,MP,Female,24
1857,Katherine,Kline,thomas57@example.net,478009,Rewa,MP,Female,23
1858,Steven,Rogers,nicholas21@example.com,472006,Indore,MP,Female,43
1859,Shane,Nelson,pwright@example.com,452008,Indore,MP,Male,45
186,Jennifer,Lee,emcpherson@example.com,438002,Shivpuri,MP,Male,20
1860,Melissa,Fuller,tlewis@example.org,478005,Rewa,MP,Male,18
1861,Patrick,Saunders,millerdeborah@example.com,438007,Shivpuri,MP,Male,47
1862,Karen,Foster,vhutchinson@example.org,458003,Rewa,MP,Female,47
1863,Tommy,Hoffman,wallacejessica@example.com,473006,Bhopal,MP,Male,18
1864,Jessica,Foster,jjefferson@example.org,471005,Morena,MP,Male,41
1865,Mary,Smith,jesse94@example.net,459002,Ujjain,MP,Male,38
1866,Peggy,Bray,lisa43@example.org,474012,Gwalior,MP,Female,64
1867,Brandon,Whitehead,sarah92@example.net,478005,Rewa,MP,Male,52
1868,Veronica,Kim,umora@example.net,438001,Shivpuri,MP,Male,70
1869,Amy,Bennett,psanders@example.net,452001,Indore,MP,Female,42
187,Amanda,Wright,jessica94@example.net,418001,Ratlam,MP,Female,46
1870,Gregory,Meyer,osbornerobert@example.net,418001,Ratlam,MP,Male,28
1871,Alexandria,Henderson,paulkenneth@example.com,477005,Jabalpur,MP,Male,47
1872,Joshua,Young,onealjodi@example.org,438012,Shivpuri,MP,Male,46
1873,Gloria,Smith,fpatterson@example.net,438010,Shivpuri,MP,Female,64
1874,Rachel,Peterson,davidroberts@example.net,457001,Jabalpur,MP,Male,44
1875,Kimberly,Grant,williamcoleman@example.net,418007,Ratlam,MP,Male,23
1876,Julie,Shaw,kristyrubio@example.net,471005,Morena,MP,Female,53
1877,James,Boyd,ortizjames@example.net,474012,Gwalior,MP,Male,24
1878,Stephanie,Alvarez,jmartin@example.com,452003,Indore,MP,Male,59
1879,Daniel,Miller,matthewhawkins@example.net,471012,Morena,MP,Male,44
188,Lori,Rodriguez,richard13@example.com,459001,Ujjain,MP,Male,57
1880,Aaron,Scott,tiffanylarsen@example.net,457010,Jabalpur,MP,Female,19
1881,Kenneth,Perry,acarrillo@example.org,438005,Shivpuri,MP,Female,28
1882,Daniel,Arnold,luis38@example.net,459008,Ujjain,MP,Male,23
1883,Thomas,Nelson,blackwellrobert@example.org,473007,Bhopal,MP,Female,69
1884,Jennifer,Roman,ferrellaudrey@example.net,471009,Morena,MP,Female,24
1885,Scott,Bennett,kaufmanrebecca@example.com,451003,Morena,MP,Male,40
1886,Alyssa,Wade,jraymond@example.net,479007,Ujjain,MP,Male,40
1887,Trevor,Campbell,autumnmorgan@example.net,459003,Ujjain,MP,Female,36
1888,Maria,Wright,fmorgan@example.org,459002,Ujjain,MP,Female,23
1889,Michael,Berry,ericedwards@example.net,418002,Ratlam,MP,Male,61
189,Peggy,Smith,ahobbs@example.org,457001,Jabalpur,MP,Male,18
1890,James,Berry,michael55@example.com,476005,Guna,MP,Male,48
1891,Bobby,Lewis,nwilson@example.net,438007,Shivpuri,MP,Male,48
1892,Robert,Swanson,xjones@example.org,479009,Ujjain,MP,Male,67
1893,Marvin,Cunningham,davismichael@example.net,452003,Indore,MP,Male,54
1894,James,Adams,taylor13@example.org,472009,Indore,MP,Female,39
1895,Austin,Rhodes,allison49@example.com,474002,Gwalior,MP,Female,51
1896,Jason,Mitchell,ojackson@example.com,438001,Shivpuri,MP,Female,50
1897,Andrew,Flores,dawsoncharlene@example.org,478006,Rewa,MP,Female,55
1898,Robin,Schultz,turnerkevin@example.net,453010,Bhopal,MP,Female,44